{
  "Day 1": [
    "Study: Math",
    "Study:  Physics",
    "Study: Math"
  ],
  "Day 2": [
    "Study:  Physics",
    "Study: Math",
    "Study:  Physics",
    "Study: Math",
    "Study:  Physics",
    "Study: Math"
  ],
  "Day 3": [
    "Study: Math",
    "Study:  Physics",
    "Study: Math",
    "Study:  Physics",
    "Study: Math",
    "Study:  Physics"
  ],
  "Day 8": [
    "Study: Math",
    "Study:  Physics",
    "Study: Math"
  ],
  "Day 4": [
    "Study:  Physics",
    "Study: Math",
    "Study:  Physics",
    "Study: Math",
    "Study:  Physics",
    "Study: Math"
  ],
  "Day 5": [
    "Study: Math",
    "Study:  Physics",
    "Study: Math",
    "Study:  Physics",
    "Study: Math",
    "Study:  Physics"
  ],
  "Day 6": [
    "Study:  Physics",
    "Study: Math",
    "Study:  Physics",
    "Study: Math",
    "Study:  Physics",
    "Study: Math"
  ],
  "Day 7": [
    "Study: Math",
    "Study:  Physics",
    "Study: Math",
    "Study:  Physics",
    "Study: Math",
    "Study:  Physics"
  ]
}